request_per_hour,day,month,year,hour
1,14,4,2025,0
6,14,4,2025,1
6,14,4,2025,2
12,14,4,2025,11
12,14,4,2025,12
7,14,4,2025,14
1,14,4,2025,15
6,14,4,2025,16
30,14,4,2025,17
17,14,4,2025,18
4,14,4,2025,19
9,14,4,2025,22
15,14,4,2025,23
10,15,4,2025,0
10,15,4,2025,2
2,15,4,2025,4
2,15,4,2025,9
6,15,4,2025,11
3,15,4,2025,12
4,15,4,2025,13
4,15,4,2025,14
12,15,4,2025,17
13,15,4,2025,18
2,15,4,2025,19
1,15,4,2025,20
22,15,4,2025,22
1,15,4,2025,23
4,16,4,2025,0
1,16,4,2025,1
1,16,4,2025,2
1,16,4,2025,3
2,16,4,2025,4
6,16,4,2025,6
1,16,4,2025,7
1,16,4,2025,9
4,16,4,2025,10
12,16,4,2025,11
13,16,4,2025,12
51,16,4,2025,13
80,16,4,2025,14
53,16,4,2025,15
10,16,4,2025,16
18,16,4,2025,17
6,16,4,2025,18
22,16,4,2025,19
2,16,4,2025,20
5,16,4,2025,21
11,16,4,2025,22
10,17,4,2025,0
9,17,4,2025,1
6,17,4,2025,2
4,17,4,2025,3
1,17,4,2025,4
27,17,4,2025,10
12,17,4,2025,12
4,17,4,2025,13
8,17,4,2025,16
10,17,4,2025,19
5,17,4,2025,21
4,18,4,2025,3
2,18,4,2025,19
46,18,4,2025,20
4,18,4,2025,23
9,19,4,2025,0
1,19,4,2025,4
4,19,4,2025,5
1,19,4,2025,6
2,19,4,2025,8
4,19,4,2025,11
4,19,4,2025,13
4,19,4,2025,14
3,19,4,2025,15
2,19,4,2025,16
2,19,4,2025,17
34,19,4,2025,21
4,20,4,2025,0
4,20,4,2025,1
1,20,4,2025,4
1,20,4,2025,11
6,20,4,2025,13
6,20,4,2025,14
2,20,4,2025,18
2,21,4,2025,3
1,21,4,2025,7
3,21,4,2025,8
4,21,4,2025,10
5,21,4,2025,11
7,21,4,2025,12
12,21,4,2025,13
1,21,4,2025,14
1,21,4,2025,15
6,21,4,2025,16
2,21,4,2025,17
4,21,4,2025,18
22,21,4,2025,19
1,21,4,2025,22
9,21,4,2025,23
6,22,4,2025,0
3,22,4,2025,3
2,22,4,2025,5
13,22,4,2025,7
22,22,4,2025,8
8,22,4,2025,12
5,22,4,2025,13
6,22,4,2025,14
2,22,4,2025,15
4,22,4,2025,16
8,22,4,2025,19
20,22,4,2025,20
12,22,4,2025,21
16,22,4,2025,22
4,23,4,2025,0
2,23,4,2025,1
2,23,4,2025,2
5,23,4,2025,3
1,23,4,2025,4
16,23,4,2025,7
2,23,4,2025,8
15,23,4,2025,11
199,23,4,2025,12
232,23,4,2025,13
7,23,4,2025,14
30,23,4,2025,15
4,23,4,2025,16
12,23,4,2025,17
86,23,4,2025,18
6,23,4,2025,19
78,23,4,2025,20
23,23,4,2025,21
12,23,4,2025,22
12,23,4,2025,23
21,24,4,2025,0
4,24,4,2025,1
4,24,4,2025,2
4,24,4,2025,10
10,24,4,2025,11
75,24,4,2025,12
125,24,4,2025,13
229,24,4,2025,14
197,24,4,2025,15
301,24,4,2025,16
269,24,4,2025,17
204,24,4,2025,18
101,24,4,2025,19
99,24,4,2025,20
100,24,4,2025,21
168,24,4,2025,22
116,24,4,2025,23
69,25,4,2025,0
139,25,4,2025,1
64,25,4,2025,2
18,25,4,2025,3
16,25,4,2025,4
2,25,4,2025,5
11,25,4,2025,6
16,25,4,2025,8
1,25,4,2025,9
168,25,4,2025,10
48,25,4,2025,11
91,25,4,2025,12
101,25,4,2025,13
60,25,4,2025,14
20,25,4,2025,15
60,25,4,2025,16
58,25,4,2025,17
80,25,4,2025,18
93,25,4,2025,19
100,25,4,2025,20
29,25,4,2025,21
43,25,4,2025,22
32,25,4,2025,23
4,26,4,2025,0
22,26,4,2025,1
112,26,4,2025,2
7,26,4,2025,3
4,26,4,2025,6
2,26,4,2025,9
4,26,4,2025,11
55,26,4,2025,12
62,26,4,2025,13
80,26,4,2025,14
20,26,4,2025,15
23,26,4,2025,16
5,26,4,2025,17
35,26,4,2025,18
6,26,4,2025,19
29,26,4,2025,20
8,26,4,2025,21
4,26,4,2025,23
2,27,4,2025,0
4,27,4,2025,1
39,27,4,2025,2
6,27,4,2025,3
2,27,4,2025,6
3,27,4,2025,7
6,27,4,2025,10
8,27,4,2025,11
4,27,4,2025,12
3,27,4,2025,13
4,27,4,2025,14
16,27,4,2025,15
5,27,4,2025,16
8,27,4,2025,19
2,27,4,2025,21
9,27,4,2025,22
6,27,4,2025,23
10,28,4,2025,0
4,28,4,2025,4
7,28,4,2025,9
2,28,4,2025,12
26,28,4,2025,13
61,28,4,2025,14
36,28,4,2025,15
42,28,4,2025,16
19,28,4,2025,17
31,28,4,2025,18
